Word 1, Word 2, Frequency
of, the, 64.0
he, had, 38.0
in, the, 34.0
to, the, 32.0
and, I, 28.0
to, be, 28.0
I, had, 26.0
that, he, 24.0
I, saw, 24.0
that, I, 22.0
was, a, 22.0
it, was, 20.0
red, light, 20.0
and, the, 20.0
I, have, 20.0
to, him, 18.0
at, the, 18.0
of, his, 18.0
on, the, 18.0
I, said, 18.0
with, a, 16.0
in, his, 16.0
It, was, 16.0
He, had, 16.0
he, was, 14.0
me, and, 14.0
as, I, 14.0
in, a, 14.0
to, me, 14.0
I, was, 14.0
had, been, 14.0
I, am, 14.0
for, the, 14.0
Look, out, 14.0
Below, there, 12.0
which, I, 12.0
which, he, 12.0
with, his, 12.0
and, that, 12.0
when, I, 12.0
towards, the, 12.0
had, to, 12.0
to, make, 12.0
and, had, 12.0
he, said, 12.0
the, tunnel, 12.0
said, I, 12.0
the, door, 11.0
looked, down, 10.0
I, could, 10.0
saw, him, 10.0
his, eyes, 10.0
I, looked, 10.0
to, my, 10.0
and, saw, 10.0
time, to, 10.0
saw, that, 10.0
as, if, 10.0
light, and, 10.0
of, me, 10.0
my, own, 10.0
to, do, 10.0
and, he, 10.0
to, his, 10.0
by, the, 10.0
door, and, 10.0
of, a, 10.0
saw, the, 10.0
was, the, 10.0
was, not, 10.0
his, hand, 8.0
There, was, 8.0
my, eyes, 8.0
with, my, 8.0
me, to, 8.0
it, had, 8.0
seemed, to, 8.0
I, found, 8.0
I, went, 8.0
one, of, 8.0
there, was, 8.0
if, I, 8.0
and, it, 8.0
I, should, 8.0
but, I, 8.0
the, red, 8.0
near, the, 8.0
it, and, 8.0
that, this, 8.0
and, to, 8.0
in, that, 8.0
bell, and, 8.0
for, it, 8.0
he, would, 8.0
mouth, of, 8.0
What, is, 8.0
It, is, 8.0
sir, he, 8.0
to, that, 8.0
were, the, 8.0
as, the, 8.0
God's, sake, 8.0
I, ran, 8.0
I, asked, 8.0
an, hour, 8.0
the, way, 7.0
the, man, 7.0
standing, at, 6.0
his, box, 6.0
he, could, 6.0
not, have, 6.0
over, his, 6.0
his, head, 6.0
and, looked, 6.0
down, the, 6.0
But, I, 6.0
I, know, 6.0
know, it, 6.0
enough, to, 6.0
my, hand, 6.0
him, at, 6.0
again, and, 6.0
at, me, 6.0
and, was, 6.0
I, followed, 6.0
found, the, 6.0
When, I, 6.0
I, came, 6.0
upon, the, 6.0
to, see, 6.0
in, an, 6.0
of, this, 6.0
that, it, 6.0
him, to, 6.0
to, have, 6.0
stepped, back, 6.0
me, he, 6.0
man, who, 6.0
had, a, 6.0
light, near, 6.0
my, mind, 6.0
his, mind, 6.0
I, do, 6.0
I, never, 6.0
I, may, 6.0
sure, I, 6.0
was, to, 6.0
that, the, 6.0
could, be, 6.0
be, called, 6.0
but, he, 6.0
as, a, 6.0
would, be, 6.0
little, bell, 6.0
remark, that, 6.0
He, was, 6.0
at, a, 6.0
what, he, 6.0
his, face, 6.0
when, it, 6.0
came, back, 6.0
back, to, 6.0
with, the, 6.0
when, we, 6.0
we, were, 6.0
don't, call, 6.0
call, out, 6.0
when, you, 6.0
more, than, 6.0
troubles, me, 6.0
one, else, 6.0
I, don't, 6.0
For, God's, 6.0
sake, clear, 6.0
clear, the, 6.0
head, and, 6.0
through, the, 6.0
upon, me, 6.0
up, the, 6.0
on, this, 6.0
I, did, 6.0
not, to, 6.0
did, not, 6.0
from, the, 6.0
Did, it, 6.0
out, of, 6.0
between, us, 6.0
seem, to, 6.0
he, went, 6.0
went, on, 6.0
that, there, 6.0
no, reason, 6.0
why, not, 6.0
not, tell, 6.0
tell, me, 6.0
in, my, 6.0
a, man, 5.0
a, little, 5.0
is, the, 5.0
heard, a, 4.0
calling, to, 4.0
was, standing, 4.0
door, of, 4.0
would, have, 4.0
nature, of, 4.0
could, not, 4.0
of, looking, 4.0
up, to, 4.0
stood, on, 4.0
top, of, 4.0
he, turned, 4.0
turned, himself, 4.0
himself, about, 4.0
the, Line, 4.0
was, something, 4.0
high, above, 4.0
above, him, 4.0
of, an, 4.0
at, all, 4.0
and, raising, 4.0
by, which, 4.0
I, can, 4.0
come, down, 4.0
down, and, 4.0
to, you, 4.0
up, at, 4.0
of, my, 4.0
vibration, in, 4.0
back, as, 4.0
as, though, 4.0
rose, to, 4.0
train, had, 4.0
over, the, 4.0
down, again, 4.0
he, seemed, 4.0
on, my, 4.0
hundred, yards, 4.0
me, I, 4.0
out, the, 4.0
came, down, 4.0
which, the, 4.0
passed, in, 4.0
an, attitude, 4.0
if, he, 4.0
he, were, 4.0
waiting, for, 4.0
for, me, 4.0
his, left, 4.0
hand, at, 4.0
on, his, 4.0
his, right, 4.0
and, watchfulness, 4.0
I, stopped, 4.0
a, moment, 4.0
at, it, 4.0
and, drawing, 4.0
man, with, 4.0
either, side, 4.0
but, a, 4.0
and, so, 4.0
so, much, 4.0
it, that, 4.0
me, as, 4.0
down, from, 4.0
rarity, I, 4.0
I, hoped, 4.0
his, life, 4.0
being, at, 4.0
him, but, 4.0
I, used, 4.0
looked, all, 4.0
and, then, 4.0
Was, it, 4.0
monstrous, thought, 4.0
eyes, and, 4.0
this, was, 4.0
have, been, 4.0
I, stepped, 4.0
in, making, 4.0
making, the, 4.0
look, at, 4.0
if, you, 4.0
he, returned, 4.0
pointed, to, 4.0
do, there, 4.0
as, it, 4.0
may, I, 4.0
think, I, 4.0
he, rejoined, 4.0
His, manner, 4.0
to, say, 4.0
to, bear, 4.0
him, and, 4.0
now, and, 4.0
was, all, 4.0
hours, of, 4.0
of, which, 4.0
used, to, 4.0
to, it, 4.0
only, to, 4.0
to, know, 4.0
it, by, 4.0
sight, and, 4.0
his, own, 4.0
of, its, 4.0
into, the, 4.0
stone, walls, 4.0
there, would, 4.0
as, to, 4.0
he, did, 4.0
little, above, 4.0
listening, for, 4.0
it, with, 4.0
than, I, 4.0
I, would, 4.0
for, an, 4.0
in, which, 4.0
face, and, 4.0
in, such, 4.0
of, men, 4.0
heard, it, 4.0
was, so, 4.0
so, in, 4.0
in, any, 4.0
been, when, 4.0
had, run, 4.0
had, no, 4.0
to, offer, 4.0
upon, it, 4.0
said, in, 4.0
the, fire, 4.0
when, he, 4.0
what, I, 4.0
passed, and, 4.0
should, have, 4.0
while, he, 4.0
it, did, 4.0
did, NOT, 4.0
NOT, ring, 4.0
opened, the, 4.0
looked, out, 4.0
upon, him, 4.0
make, me, 4.0
I, must, 4.0
low, voice, 4.0
had, first, 4.0
am, troubled, 4.0
said, them, 4.0
I, took, 4.0
very, difficult, 4.0
difficult, to, 4.0
another, visit, 4.0
I, will, 4.0
on, again, 4.0
door, with, 4.0
with, me, 4.0
white, light, 4.0
you, have, 4.0
have, found, 4.0
And, when, 4.0
me, but, 4.0
you, come, 4.0
cry, Halloa, 4.0
very, words, 4.0
other, reason, 4.0
feeling, that, 4.0
and, held, 4.0
I, walked, 4.0
side, of, 4.0
next, night, 4.0
have, not, 4.0
and, here's, 4.0
and, sat, 4.0
sat, down, 4.0
down, by, 4.0
up, my, 4.0
that, you, 4.0
what, troubles, 4.0
some, one, 4.0
yesterday, evening, 4.0
don't, know, 4.0
arm, is, 4.0
right, arm, 4.0
followed, his, 4.0
his, action, 4.0
action, with, 4.0
action, of, 4.0
passion, and, 4.0
and, vehemence, 4.0
said, the, 4.0
man, I, 4.0
I, heard, 4.0
I, started, 4.0
looked, from, 4.0
my, lamp, 4.0
and, ran, 4.0
sleeve, across, 4.0
was, gone, 4.0
for, I, 4.0
round, the, 4.0
light, with, 4.0
of, it, 4.0
both, ways, 4.0
has, been, 4.0
how, that, 4.0
must, be, 4.0
for, a, 4.0
in, this, 4.0
wind, and, 4.0
to, remark, 4.0
had, not, 4.0
not, finished, 4.0
his, pardon, 4.0
my, arm, 4.0
such, a, 4.0
going, to, 4.0
again, begged, 4.0
was, just, 4.0
my, thoughts, 4.0
went, to, 4.0
came, out, 4.0
tunnel, I, 4.0
here, and, 4.0
it, happened, 4.0
and, my, 4.0
took, up, 4.0
At, the, 4.0
What, does, 4.0
He, repeated, 4.0
me, for, 4.0
eyes, were, 4.0
the, bell, 4.0
any, other, 4.0
have, never, 4.0
Both, times, 4.0
though, he, 4.0
There, were, 4.0
in, again, 4.0
question, of, 4.0
fully, understand, 4.0
him, that, 4.0
from, his, 4.0
his, hands, 4.0
They, would, 4.0
it, would, 4.0
of, mind, 4.0
by, an, 4.0
across, his, 4.0
Why, not, 4.0
how, it, 4.0
it, could, 4.0
go, to, 4.0
to, act, 4.0
his, duty, 4.0
hear, of, 4.0
like, the, 4.0
I, see, 4.0
see, no, 4.0
reason, to, 4.0
to, conceal, 4.0
to, take, 4.0
not, yet, 4.0
half, an, 4.0
appearance, of, 4.0
one, to, 4.0
Not, the, 4.0
knew, him, 4.0
how, did, 4.0
did, this, 4.0
this, happen, 4.0
her, and, 4.0
him, down, 4.0
was, no, 4.0
this, arm, 4.0
on, any, 4.0
words, which, 4.0
the, top, 3.0
the, train, 3.0
the, little, 3.0
a, train, 3.0
the, mouth, 3.0
the, words, 3.0
the, face, 3.0
the, spectre, 3.0
the, light, 3.0
the, Danger-light, 3.0
When, he, 2.0
he, heard, 2.0
a, voice, 2.0
voice, thus, 2.0
thus, calling, 2.0
him, he, 2.0
box, with, 2.0
a, flag, 2.0
flag, in, 2.0
hand, furled, 2.0
furled, round, 2.0
round, its, 2.0
its, short, 2.0
short, pole, 2.0
One, would, 2.0
have, thought, 2.0
thought, considering, 2.0
considering, the, 2.0
the, nature, 2.0
ground, that, 2.0
have, doubted, 2.0
doubted, from, 2.0
from, what, 2.0
what, quarter, 2.0
quarter, the, 2.0
voice, came, 2.0
came, but, 2.0
but, instead, 2.0
instead, of, 2.0
looking, up, 2.0
to, where, 2.0
where, I, 2.0
I, stood, 2.0
steep, cutting, 2.0
cutting, nearly, 2.0
nearly, over, 2.0
head, he, 2.0
about, and, 2.0
something, remarkable, 2.0
remarkable, in, 2.0
his, manner, 2.0
manner, of, 2.0
of, doing, 2.0
doing, so, 2.0
so, though, 2.0
though, I, 2.0
have, said, 2.0
said, for, 2.0
for, my, 2.0
my, life, 2.0
life, what, 2.0
was, remarkable, 2.0
remarkable, enough, 2.0
to, attract, 2.0
attract, my, 2.0
my, notice, 2.0
notice, even, 2.0
even, though, 2.0
though, his, 2.0
his, figure, 2.0
figure, was, 2.0
was, foreshortened, 2.0
foreshortened, and, 2.0
and, shadowed, 2.0
shadowed, down, 2.0
down, in, 2.0
the, deep, 2.0
deep, trench, 2.0
trench, and, 2.0
and, mine, 2.0
mine, was, 2.0
was, high, 2.0
him, so, 2.0
so, steeped, 2.0
steeped, in, 2.0
glow, of, 2.0
an, angry, 2.0
angry, sunset, 2.0
sunset, that, 2.0
had, shaded, 2.0
shaded, my, 2.0
eyes, with, 2.0
hand, before, 2.0
before, I, 2.0
From, looking, 2.0
looking, down, 2.0
Line, he, 2.0
about, again, 2.0
raising, his, 2.0
eyes, saw, 2.0
saw, my, 2.0
my, figure, 2.0
figure, high, 2.0
Is, there, 2.0
there, any, 2.0
any, path, 2.0
path, by, 2.0
can, come, 2.0
and, speak, 2.0
speak, to, 2.0
He, looked, 2.0
looked, up, 2.0
me, without, 2.0
without, replying, 2.0
replying, and, 2.0
down, at, 2.0
at, him, 2.0
him, without, 2.0
without, pressing, 2.0
pressing, him, 2.0
him, too, 2.0
too, soon, 2.0
soon, with, 2.0
repetition, of, 2.0
my, idle, 2.0
idle, question, 2.0
Just, then, 2.0
then, there, 2.0
there, came, 2.0
came, a, 2.0
vague, vibration, 2.0
earth, and, 2.0
and, air, 2.0
air, quickly, 2.0
quickly, changing, 2.0
changing, into, 2.0
into, a, 2.0
violent, pulsation, 2.0
pulsation, and, 2.0
and, an, 2.0
an, oncoming, 2.0
oncoming, rush, 2.0
rush, that, 2.0
that, caused, 2.0
caused, me, 2.0
to, start, 2.0
start, back, 2.0
though, it, 2.0
had, force, 2.0
force, to, 2.0
to, draw, 2.0
draw, me, 2.0
me, down, 2.0
When, such, 2.0
such, vapour, 2.0
vapour, as, 2.0
as, rose, 2.0
my, height, 2.0
height, from, 2.0
from, this, 2.0
this, rapid, 2.0
rapid, train, 2.0
had, passed, 2.0
passed, me, 2.0
was, skimming, 2.0
skimming, away, 2.0
away, over, 2.0
landscape, I, 2.0
him, refurling, 2.0
refurling, the, 2.0
flag, he, 2.0
had, shown, 2.0
shown, while, 2.0
while, the, 2.0
train, went, 2.0
went, by, 2.0
I, repeated, 2.0
repeated, my, 2.0
my, inquiry, 2.0
After, a, 2.0
pause, during, 2.0
during, which, 2.0
to, regard, 2.0
regard, me, 2.0
me, with, 2.0
with, fixed, 2.0
fixed, attention, 2.0
attention, he, 2.0
he, motioned, 2.0
motioned, with, 2.0
his, rolled-up, 2.0
rolled-up, flag, 2.0
flag, towards, 2.0
towards, a, 2.0
point, on, 2.0
my, level, 2.0
level, some, 2.0
some, two, 2.0
two, or, 2.0
or, three, 2.0
three, hundred, 2.0
yards, distant, 2.0
I, called, 2.0
called, down, 2.0
down, to, 2.0
him, All, 2.0
All, right, 2.0
and, made, 2.0
made, for, 2.0
for, that, 2.0
that, point, 2.0
There, by, 2.0
by, dint, 2.0
dint, of, 2.0
looking, closely, 2.0
closely, about, 2.0
about, me, 2.0
found, a, 2.0
a, rough, 2.0
rough, zigzag, 2.0
zigzag, descending, 2.0
descending, path, 2.0
path, notched, 2.0
notched, out, 2.0
out, which, 2.0
The, cutting, 2.0
cutting, was, 2.0
was, extremely, 2.0
extremely, deep, 2.0
deep, and, 2.0
and, unusually, 2.0
unusually, precipitate, 2.0
was, made, 2.0
made, through, 2.0
through, a, 2.0
clammy, stone, 2.0
stone, that, 2.0
that, became, 2.0
became, oozier, 2.0
oozier, and, 2.0
and, wetter, 2.0
wetter, as, 2.0
went, down, 2.0
For, these, 2.0
these, reasons, 2.0
reasons, I, 2.0
way, long, 2.0
long, enough, 2.0
to, give, 2.0
give, me, 2.0
me, time, 2.0
to, recall, 2.0
recall, a, 2.0
singular, air, 2.0
air, of, 2.0
of, reluctance, 2.0
reluctance, or, 2.0
or, compulsion, 2.0
compulsion, with, 2.0
with, which, 2.0
had, pointed, 2.0
pointed, out, 2.0
the, path, 2.0
down, low, 2.0
low, enough, 2.0
enough, upon, 2.0
the, zigzag, 2.0
zigzag, descent, 2.0
descent, to, 2.0
see, him, 2.0
him, again, 2.0
again, I, 2.0
standing, between, 2.0
between, the, 2.0
rails, on, 2.0
way, by, 2.0
had, lately, 2.0
lately, passed, 2.0
attitude, as, 2.0
were, waiting, 2.0
to, appear, 2.0
had, his, 2.0
left, hand, 2.0
at, his, 2.0
his, chin, 2.0
chin, and, 2.0
that, left, 2.0
left, elbow, 2.0
elbow, rested, 2.0
rested, on, 2.0
right, hand, 2.0
hand, crossed, 2.0
crossed, over, 2.0
his, breast, 2.0
His, attitude, 2.0
attitude, was, 2.0
was, one, 2.0
of, such, 2.0
such, expectation, 2.0
expectation, and, 2.0
watchfulness, that, 2.0
stopped, a, 2.0
moment, wondering, 2.0
wondering, at, 2.0
I, resumed, 2.0
resumed, my, 2.0
my, downward, 2.0
downward, way, 2.0
way, and, 2.0
and, stepping, 2.0
stepping, out, 2.0
out, upon, 2.0
level, of, 2.0
railroad, and, 2.0
drawing, nearer, 2.0
nearer, to, 2.0
him, saw, 2.0
a, dark, 2.0
dark, sallow, 2.0
sallow, man, 2.0
dark, beard, 2.0
beard, and, 2.0
and, rather, 2.0
rather, heavy, 2.0
heavy, eyebrows, 2.0
His, post, 2.0
post, was, 2.0
was, in, 2.0
in, as, 2.0
as, solitary, 2.0
solitary, and, 2.0
and, dismal, 2.0
dismal, a, 2.0
place, as, 2.0
as, ever, 2.0
ever, I, 2.0
On, either, 2.0
side, a, 2.0
dripping-wet, wall, 2.0
wall, of, 2.0
of, jagged, 2.0
jagged, stone, 2.0
stone, excluding, 2.0
excluding, all, 2.0
all, view, 2.0
view, but, 2.0
strip, of, 2.0
of, sky, 2.0
sky, the, 2.0
perspective, one, 2.0
one, way, 2.0
way, only, 2.0
only, a, 2.0
crooked, prolongation, 2.0
prolongation, of, 2.0
this, great, 2.0
great, dungeon, 2.0
dungeon, the, 2.0
shorter, perspective, 2.0
perspective, in, 2.0
other, direction, 2.0
direction, terminating, 2.0
terminating, in, 2.0
gloomy, red, 2.0
gloomier, entrance, 2.0
entrance, to, 2.0
to, a, 2.0
black, tunnel, 2.0
tunnel, in, 2.0
in, whose, 2.0
whose, massive, 2.0
massive, architecture, 2.0
architecture, there, 2.0
barbarous, depressing, 2.0
depressing, and, 2.0
and, forbidding, 2.0
forbidding, air, 2.0
So, little, 2.0
little, sunlight, 2.0
sunlight, ever, 2.0
ever, found, 2.0
found, its, 2.0
its, way, 2.0
way, to, 2.0
to, this, 2.0
this, spot, 2.0
spot, that, 2.0
had, an, 2.0
an, earthy, 2.0
earthy, deadly, 2.0
deadly, smell, 2.0
smell, and, 2.0
much, cold, 2.0
cold, wind, 2.0
wind, rushed, 2.0
rushed, through, 2.0
through, it, 2.0
it, struck, 2.0
struck, chill, 2.0
chill, to, 2.0
had, left, 2.0
left, the, 2.0
the, natural, 2.0
natural, world, 2.0
Before, he, 2.0
he, stirred, 2.0
stirred, I, 2.0
was, near, 2.0
near, enough, 2.0
have, touched, 2.0
touched, him, 2.0
Not, even, 2.0
even, then, 2.0
then, removing, 2.0
removing, his, 2.0
eyes, from, 2.0
from, mine, 2.0
mine, he, 2.0
he, stepped, 2.0
back, one, 2.0
one, step, 2.0
step, and, 2.0
and, lifted, 2.0
lifted, his, 2.0
This, was, 2.0
lonesome, post, 2.0
post, to, 2.0
to, occupy, 2.0
occupy, I, 2.0
said, and, 2.0
had, riveted, 2.0
riveted, my, 2.0
my, attention, 2.0
attention, when, 2.0
from, up, 2.0
up, yonder, 2.0
A, visitor, 2.0
visitor, was, 2.0
should, suppose, 2.0
suppose, not, 2.0
not, an, 2.0
an, unwelcome, 2.0
unwelcome, rarity, 2.0
In, me, 2.0
he, merely, 2.0
merely, saw, 2.0
saw, a, 2.0
who, had, 2.0
been, shut, 2.0
shut, up, 2.0
up, within, 2.0
within, narrow, 2.0
narrow, limits, 2.0
limits, all, 2.0
all, his, 2.0
life, and, 2.0
and, who, 2.0
who, being, 2.0
at, last, 2.0
last, set, 2.0
set, free, 2.0
free, had, 2.0
newly-awakened, interest, 2.0
interest, in, 2.0
in, these, 2.0
these, great, 2.0
great, works, 2.0
To, such, 2.0
such, purpose, 2.0
purpose, I, 2.0
I, spoke, 2.0
spoke, to, 2.0
am, far, 2.0
far, from, 2.0
from, sure, 2.0
sure, of, 2.0
terms, I, 2.0
used, for, 2.0
for, besides, 2.0
besides, that, 2.0
am, not, 2.0
not, happy, 2.0
happy, in, 2.0
in, opening, 2.0
opening, any, 2.0
any, conversation, 2.0
conversation, there, 2.0
something, in, 2.0
man, that, 2.0
that, daunted, 2.0
daunted, me, 2.0
He, directed, 2.0
directed, a, 2.0
a, most, 2.0
most, curious, 2.0
curious, look, 2.0
look, towards, 2.0
tunnel's, mouth, 2.0
mouth, and, 2.0
all, about, 2.0
about, it, 2.0
it, as, 2.0
if, something, 2.0
something, were, 2.0
were, missing, 2.0
missing, from, 2.0
from, it, 2.0
then, looked, 2.0
looked, it, 2.0
it, me, 2.0
That, light, 2.0
light, was, 2.0
was, part, 2.0
part, of, 2.0
his, charge, 2.0
it, not, 2.0
He, answered, 2.0
answered, in, 2.0
low, voice,--"Don't, 2.0
voice,--"Don't, you, 2.0
you, know, 2.0
it, is, 2.0
The, monstrous, 2.0
thought, came, 2.0
came, into, 2.0
into, my, 2.0
mind, as, 2.0
I, perused, 2.0
perused, the, 2.0
fixed, eyes, 2.0
saturnine, face, 2.0
face, that, 2.0
spirit, not, 2.0
not, a, 2.0
have, speculated, 2.0
speculated, since, 2.0
since, whether, 2.0
whether, there, 2.0
there, may, 2.0
may, have, 2.0
been, infection, 2.0
infection, in, 2.0
In, my, 2.0
my, turn, 2.0
turn, I, 2.0
But, in, 2.0
the, action, 2.0
action, I, 2.0
I, detected, 2.0
detected, in, 2.0
eyes, some, 2.0
some, latent, 2.0
latent, fear, 2.0
fear, of, 2.0
This, put, 2.0
put, the, 2.0
thought, to, 2.0
to, flight, 2.0
You, look, 2.0
said, forcing, 2.0
forcing, a, 2.0
smile, as, 2.0
you, had, 2.0
dread, of, 2.0
was, doubtful, 2.0
doubtful, he, 2.0
returned, whether, 2.0
whether, I, 2.0
had, seen, 2.0
seen, you, 2.0
you, before, 2.0
He, pointed, 2.0
light, he, 2.0
had, looked, 2.0
looked, at, 2.0
Intently, watchful, 2.0
watchful, of, 2.0
he, replied, 2.0
replied, but, 2.0
but, without, 2.0
without, sound, 2.0
sound, Yes, 2.0
My, good, 2.0
good, fellow, 2.0
fellow, what, 2.0
what, should, 2.0
should, I, 2.0
However, be, 2.0
be, that, 2.0
that, as, 2.0
it, may, 2.0
never, was, 2.0
was, there, 2.0
there, you, 2.0
you, may, 2.0
may, swear, 2.0
I, think, 2.0
may, he, 2.0
Yes, I, 2.0
am, sure, 2.0
manner, cleared, 2.0
cleared, like, 2.0
like, my, 2.0
He, replied, 2.0
replied, to, 2.0
my, remarks, 2.0
remarks, with, 2.0
with, readiness, 2.0
readiness, and, 2.0
and, in, 2.0
in, well-chosen, 2.0
well-chosen, words, 2.0
Had, he, 2.0
he, much, 2.0
much, to, 2.0
Yes, that, 2.0
that, was, 2.0
say, he, 2.0
had, enough, 2.0
enough, responsibility, 2.0
responsibility, to, 2.0
bear, but, 2.0
but, exactness, 2.0
exactness, and, 2.0
watchfulness, were, 2.0
were, what, 2.0
what, was, 2.0
was, required, 2.0
required, of, 2.0
of, him, 2.0
and, of, 2.0
of, actual, 2.0
actual, work, 2.0
work, manual, 2.0
manual, labour--he, 2.0
labour--he, had, 2.0
had, next, 2.0
next, to, 2.0
to, none, 2.0
To, change, 2.0
change, that, 2.0
that, signal, 2.0
signal, to, 2.0
to, trim, 2.0
trim, those, 2.0
those, lights, 2.0
lights, and, 2.0
to, turn, 2.0
turn, this, 2.0
this, iron, 2.0
iron, handle, 2.0
handle, now, 2.0
then, was, 2.0
all, he, 2.0
do, under, 2.0
under, that, 2.0
that, head, 2.0
Regarding, those, 2.0
those, many, 2.0
many, long, 2.0
long, and, 2.0
and, lonely, 2.0
lonely, hours, 2.0
I, seemed, 2.0
make, so, 2.0
much, he, 2.0
could, only, 2.0
only, say, 2.0
say, that, 2.0
routine, of, 2.0
life, had, 2.0
had, shaped, 2.0
shaped, itself, 2.0
itself, into, 2.0
into, that, 2.0
that, form, 2.0
form, and, 2.0
had, grown, 2.0
grown, used, 2.0
had, taught, 2.0
taught, himself, 2.0
himself, a, 2.0
language, down, 2.0
down, here,--if, 2.0
here,--if, only, 2.0
by, sight, 2.0
have, formed, 2.0
formed, his, 2.0
own, crude, 2.0
crude, ideas, 2.0
ideas, of, 2.0
its, pronunciation, 2.0
pronunciation, could, 2.0
called, learning, 2.0
learning, it, 2.0
had, also, 2.0
also, worked, 2.0
worked, at, 2.0
at, fractions, 2.0
fractions, and, 2.0
and, decimals, 2.0
decimals, and, 2.0
and, tried, 2.0
tried, a, 2.0
little, algebra, 2.0
algebra, but, 2.0
was, and, 2.0
been, as, 2.0
boy, a, 2.0
poor, hand, 2.0
at, figures, 2.0
it, necessary, 2.0
necessary, for, 2.0
for, him, 2.0
him, when, 2.0
when, on, 2.0
on, duty, 2.0
duty, always, 2.0
always, to, 2.0
to, remain, 2.0
remain, in, 2.0
that, channel, 2.0
channel, of, 2.0
of, damp, 2.0
damp, air, 2.0
air, and, 2.0
and, could, 2.0
could, he, 2.0
he, never, 2.0
never, rise, 2.0
rise, into, 2.0
sunshine, from, 2.0
from, between, 2.0
between, those, 2.0
those, high, 2.0
high, stone, 2.0
Why, that, 2.0
that, depended, 2.0
depended, upon, 2.0
upon, times, 2.0
times, and, 2.0
and, circumstances, 2.0
Under, some, 2.0
some, conditions, 2.0
conditions, there, 2.0
be, less, 2.0
less, upon, 2.0
Line, than, 2.0
than, under, 2.0
under, others, 2.0
others, and, 2.0
the, same, 2.0
same, held, 2.0
held, good, 2.0
good, as, 2.0
to, certain, 2.0
certain, hours, 2.0
the, day, 2.0
day, and, 2.0
and, night, 2.0
In, bright, 2.0
bright, weather, 2.0
weather, he, 2.0
did, choose, 2.0
choose, occasions, 2.0
occasions, for, 2.0
for, getting, 2.0
getting, a, 2.0
above, these, 2.0
these, lower, 2.0
lower, shadows, 2.0
shadows, but, 2.0
but, being, 2.0
all, times, 2.0
times, liable, 2.0
liable, to, 2.0
called, by, 2.0
by, his, 2.0
his, electric, 2.0
electric, bell, 2.0
and, at, 2.0
at, such, 2.0
such, times, 2.0
times, listening, 2.0
with, redoubled, 2.0
redoubled, anxiety, 2.0
anxiety, the, 2.0
relief, was, 2.0
was, less, 2.0
less, than, 2.0
would, suppose, 2.0
He, took, 2.0
took, me, 2.0
me, into, 2.0
into, his, 2.0
box, where, 2.0
where, there, 2.0
fire, a, 2.0
desk, for, 2.0
an, official, 2.0
official, book, 2.0
book, in, 2.0
make, certain, 2.0
certain, entries, 2.0
entries, a, 2.0
telegraphic, instrument, 2.0
instrument, with, 2.0
with, its, 2.0
its, dial, 2.0
dial, face, 2.0
and, needles, 2.0
needles, and, 2.0
bell, of, 2.0
had, spoken, 2.0
On, my, 2.0
my, trusting, 2.0
trusting, that, 2.0
would, excuse, 2.0
excuse, the, 2.0
been, well, 2.0
well, educated, 2.0
educated, and, 2.0
hoped, I, 2.0
I, might, 2.0
might, say, 2.0
say, without, 2.0
without, offence, 2.0
offence, perhaps, 2.0
perhaps, educated, 2.0
educated, above, 2.0
above, that, 2.0
that, station, 2.0
station, he, 2.0
he, observed, 2.0
observed, that, 2.0
that, instances, 2.0
instances, of, 2.0
of, slight, 2.0
slight, incongruity, 2.0
incongruity, in, 2.0
such, wise, 2.0
wise, would, 2.0
would, rarely, 2.0
rarely, be, 2.0
be, found, 2.0
found, wanting, 2.0
wanting, among, 2.0
among, large, 2.0
large, bodies, 2.0
bodies, of, 2.0
men, that, 2.0
had, heard, 2.0
in, workhouses, 2.0
workhouses, in, 2.0
police, force, 2.0
force, even, 2.0
even, in, 2.0
that, last, 2.0
last, desperate, 2.0
desperate, resource, 2.0
resource, the, 2.0
army, and, 2.0
he, knew, 2.0
knew, it, 2.0
so, more, 2.0
more, or, 2.0
or, less, 2.0
less, in, 2.0
any, great, 2.0
great, railway, 2.0
railway, staff, 2.0
when, young, 2.0
young, if, 2.0
could, believe, 2.0
believe, it, 2.0
it, sitting, 2.0
sitting, in, 2.0
that, hut,--he, 2.0
hut,--he, scarcely, 2.0
scarcely, could, 2.0
could, a, 2.0
student, of, 2.0
of, natural, 2.0
natural, philosophy, 2.0
philosophy, and, 2.0
had, attended, 2.0
attended, lectures, 2.0
lectures, but, 2.0
run, wild, 2.0
wild, misused, 2.0
misused, his, 2.0
his, opportunities, 2.0
opportunities, gone, 2.0
gone, down, 2.0
and, never, 2.0
never, risen, 2.0
risen, again, 2.0
no, complaint, 2.0
complaint, to, 2.0
offer, about, 2.0
about, that, 2.0
had, made, 2.0
made, his, 2.0
his, bed, 2.0
bed, and, 2.0
he, lay, 2.0
lay, upon, 2.0
was, far, 2.0
far, too, 2.0
too, late, 2.0
late, to, 2.0
make, another, 2.0
All, that, 2.0
have, here, 2.0
here, condensed, 2.0
condensed, he, 2.0
quiet, manner, 2.0
manner, with, 2.0
his, grave, 2.0
grave, dark, 2.0
dark, regards, 2.0
regards, divided, 2.0
divided, between, 2.0
between, me, 2.0
He, threw, 2.0
threw, in, 2.0
word, Sir, 2.0
Sir, from, 2.0
from, time, 2.0
to, time, 2.0
time, and, 2.0
and, especially, 2.0
especially, when, 2.0
he, referred, 2.0
referred, to, 2.0
his, youth,--as, 2.0
youth,--as, though, 2.0
though, to, 2.0
to, request, 2.0
request, me, 2.0
to, understand, 2.0
understand, that, 2.0
he, claimed, 2.0
claimed, to, 2.0
be, nothing, 2.0
nothing, but, 2.0
but, what, 2.0
found, him, 2.0
was, several, 2.0
several, times, 2.0
times, interrupted, 2.0
interrupted, by, 2.0
to, read, 2.0
read, off, 2.0
off, messages, 2.0
messages, and, 2.0
and, send, 2.0
send, replies, 2.0
Once, he, 2.0
to, stand, 2.0
stand, without, 2.0
without, the, 2.0
and, display, 2.0
display, a, 2.0
flag, as, 2.0
train, passed, 2.0
and, make, 2.0
make, some, 2.0
some, verbal, 2.0
verbal, communication, 2.0
communication, to, 2.0
the, driver, 2.0
In, the, 2.0
discharge, of, 2.0
his, duties, 2.0
duties, I, 2.0
I, observed, 2.0
observed, him, 2.0
be, remarkably, 2.0
remarkably, exact, 2.0
exact, and, 2.0
and, vigilant, 2.0
vigilant, breaking, 2.0
breaking, off, 2.0
off, his, 2.0
his, discourse, 2.0
discourse, at, 2.0
syllable, and, 2.0
and, remaining, 2.0
remaining, silent, 2.0
silent, until, 2.0
until, what, 2.0
do, was, 2.0
was, done, 2.0
In, a, 2.0
word, I, 2.0
have, set, 2.0
set, this, 2.0
this, man, 2.0
man, down, 2.0
down, as, 2.0
as, one, 2.0
safest, of, 2.0
men, to, 2.0
be, employed, 2.0
employed, in, 2.0
that, capacity, 2.0
capacity, but, 2.0
but, for, 2.0
circumstance, that, 2.0
that, while, 2.0
was, speaking, 2.0
speaking, to, 2.0
he, twice, 2.0
twice, broke, 2.0
broke, off, 2.0
off, with, 2.0
fallen, colour, 2.0
colour, turned, 2.0
turned, his, 2.0
face, towards, 2.0
bell, when, 2.0
ring, opened, 2.0
the, hut, 2.0
hut, which, 2.0
which, was, 2.0
was, kept, 2.0
kept, shut, 2.0
shut, to, 2.0
to, exclude, 2.0
exclude, the, 2.0
unhealthy, damp, 2.0
damp, and, 2.0
out, towards, 2.0
On, both, 2.0
both, of, 2.0
of, those, 2.0
those, occasions, 2.0
occasions, he, 2.0
he, came, 2.0
fire, with, 2.0
inexplicable, air, 2.0
air, upon, 2.0
him, which, 2.0
had, remarked, 2.0
remarked, without, 2.0
without, being, 2.0
being, able, 2.0
able, to, 2.0
to, define, 2.0
define, when, 2.0
were, so, 2.0
so, far, 2.0
far, asunder, 2.0
Said, I, 2.0
I, when, 2.0
I, rose, 2.0
to, leave, 2.0
leave, him, 2.0
him, You, 2.0
You, almost, 2.0
almost, make, 2.0
me, think, 2.0
think, that, 2.0
have, met, 2.0
met, with, 2.0
contented, man, 2.0
am, afraid, 2.0
afraid, I, 2.0
must, acknowledge, 2.0
acknowledge, that, 2.0
said, it, 2.0
it, to, 2.0
to, lead, 2.0
lead, him, 2.0
him, on, 2.0
I, believe, 2.0
believe, I, 2.0
be, so, 2.0
so, he, 2.0
rejoined, in, 2.0
voice, in, 2.0
first, spoken, 2.0
spoken, but, 2.0
troubled, sir, 2.0
sir, I, 2.0
He, would, 2.0
have, recalled, 2.0
recalled, the, 2.0
words, if, 2.0
had, said, 2.0
them, however, 2.0
however, and, 2.0
took, them, 2.0
them, up, 2.0
up, quickly, 2.0
With, what, 2.0
your, trouble, 2.0
is, very, 2.0
to, impart, 2.0
impart, sir, 2.0
very, very, 2.0
to, speak, 2.0
speak, of, 2.0
If, ever, 2.0
ever, you, 2.0
you, make, 2.0
me, another, 2.0
visit, I, 2.0
will, try, 2.0
try, to, 2.0
to, tell, 2.0
tell, you, 2.0
I, expressly, 2.0
expressly, intend, 2.0
intend, to, 2.0
make, you, 2.0
you, another, 2.0
Say, when, 2.0
when, shall, 2.0
shall, it, 2.0
it, be, 2.0
I, go, 2.0
go, off, 2.0
off, early, 2.0
early, in, 2.0
the, morning, 2.0
morning, and, 2.0
I, shall, 2.0
shall, be, 2.0
be, on, 2.0
again, at, 2.0
at, ten, 2.0
ten, to, 2.0
to, morrow, 2.0
morrow, night, 2.0
night, sir, 2.0
will, come, 2.0
come, at, 2.0
at, eleven, 2.0
He, thanked, 2.0
thanked, me, 2.0
and, went, 2.0
went, out, 2.0
out, at, 2.0
I'll, show, 2.0
show, my, 2.0
my, white, 2.0
light, sir, 2.0
his, peculiar, 2.0
peculiar, low, 2.0
voice, till, 2.0
till, you, 2.0
way, up, 2.0
When, you, 2.0
found, it, 2.0
it, don't, 2.0
you, are, 2.0
top, don't, 2.0
manner, seemed, 2.0
make, the, 2.0
the, place, 2.0
place, strike, 2.0
strike, colder, 2.0
colder, to, 2.0
said, no, 2.0
no, more, 2.0
than, Very, 2.0
Very, well, 2.0
down, to-morrow, 2.0
to-morrow, night, 2.0
night, don't, 2.0
Let, me, 2.0
me, ask, 2.0
ask, you, 2.0
you, a, 2.0
parting, question, 2.0
What, made, 2.0
made, you, 2.0
you, cry, 2.0
Heaven, knows, 2.0
knows, said, 2.0
I, cried, 2.0
cried, something, 2.0
something, to, 2.0
that, effect--""Not, 2.0
effect--""Not, to, 2.0
that, effect, 2.0
effect, sir, 2.0
Those, were, 2.0
the, very, 2.0
know, them, 2.0
them, well, 2.0
Admit, those, 2.0
those, were, 2.0
them, no, 2.0
no, doubt, 2.0
doubt, because, 2.0
because, I, 2.0
saw, you, 2.0
you, below, 2.0
For, no, 2.0
no, other, 2.0
What, other, 2.0
reason, could, 2.0
could, I, 2.0
I, possibly, 2.0
possibly, have, 2.0
You, had, 2.0
no, feeling, 2.0
that, they, 2.0
they, were, 2.0
were, conveyed, 2.0
conveyed, to, 2.0
you, in, 2.0
any, supernatural, 2.0
supernatural, way, 2.0
He, wished, 2.0
wished, me, 2.0
me, good-night, 2.0
good-night, and, 2.0
held, up, 2.0
up, his, 2.0
his, light, 2.0
walked, by, 2.0
down, Line, 2.0
Line, of, 2.0
of, rails, 2.0
rails, with, 2.0
very, disagreeable, 2.0
disagreeable, sensation, 2.0
sensation, of, 2.0
train, coming, 2.0
coming, behind, 2.0
behind, me, 2.0
me, until, 2.0
until, I, 2.0
was, easier, 2.0
easier, to, 2.0
to, mount, 2.0
mount, than, 2.0
than, to, 2.0
to, descend, 2.0
descend, and, 2.0
I, got, 2.0
got, back, 2.0
my, inn, 2.0
inn, without, 2.0
without, any, 2.0
any, adventure, 2.0
Punctual, to, 2.0
my, appointment, 2.0
appointment, I, 2.0
I, placed, 2.0
placed, my, 2.0
my, foot, 2.0
foot, on, 2.0
first, notch, 2.0
notch, of, 2.0
zigzag, next, 2.0
night, as, 2.0
distant, clocks, 2.0
clocks, were, 2.0
were, striking, 2.0
striking, eleven, 2.0
was, waiting, 2.0
me, at, 2.0
bottom, with, 2.0
his, white, 2.0
light, on, 2.0
not, called, 2.0
called, out, 2.0
out, I, 2.0
said, when, 2.0
we, came, 2.0
came, close, 2.0
close, together, 2.0
together, may, 2.0
I, speak, 2.0
speak, now, 2.0
By, all, 2.0
all, means, 2.0
means, sir, 2.0
Good-night, then, 2.0
then, and, 2.0
here's, my, 2.0
Good-night, sir, 2.0
sir, and, 2.0
here's, mine, 2.0
With, that, 2.0
that, we, 2.0
we, walked, 2.0
walked, side, 2.0
side, by, 2.0
by, side, 2.0
side, to, 2.0
box, entered, 2.0
entered, it, 2.0
it, closed, 2.0
closed, the, 2.0
have, made, 2.0
made, up, 2.0
mind, sir, 2.0
he, began, 2.0
began, bending, 2.0
bending, forward, 2.0
forward, as, 2.0
as, soon, 2.0
soon, as, 2.0
as, we, 2.0
were, seated, 2.0
seated, and, 2.0
and, speaking, 2.0
speaking, in, 2.0
tone, but, 2.0
above, a, 2.0
whisper, that, 2.0
you, shall, 2.0
shall, not, 2.0
have, to, 2.0
to, ask, 2.0
ask, me, 2.0
me, twice, 2.0
twice, what, 2.0
took, you, 2.0
you, for, 2.0
for, some, 2.0
else, yesterday, 2.0
That, troubles, 2.0
That, mistake, 2.0
That, some, 2.0
Who, is, 2.0
Like, me, 2.0
never, saw, 2.0
The, left, 2.0
left, arm, 2.0
across, the, 2.0
waved,--violently, waved, 2.0
This, way, 2.0
an, arm, 2.0
arm, gesticulating, 2.0
gesticulating, with, 2.0
utmost, passion, 2.0
vehemence, For, 2.0
One, moonlight, 2.0
moonlight, night, 2.0
night, said, 2.0
was, sitting, 2.0
sitting, here, 2.0
here, when, 2.0
voice, cry, 2.0
started, up, 2.0
up, looked, 2.0
from, that, 2.0
that, door, 2.0
saw, this, 2.0
this, Some, 2.0
Some, one, 2.0
else, standing, 2.0
standing, by, 2.0
tunnel, waving, 2.0
waving, as, 2.0
I, just, 2.0
just, now, 2.0
now, showed, 2.0
showed, you, 2.0
The, voice, 2.0
voice, seemed, 2.0
seemed, hoarse, 2.0
hoarse, with, 2.0
with, shouting, 2.0
shouting, and, 2.0
it, cried, 2.0
cried, Look, 2.0
And, then, 2.0
then, attain, 2.0
attain, Halloa, 2.0
I, caught, 2.0
caught, up, 2.0
lamp, turned, 2.0
turned, it, 2.0
it, on, 2.0
on, red, 2.0
red, and, 2.0
ran, towards, 2.0
the, figure, 2.0
figure, calling, 2.0
calling, What's, 2.0
What's, wrong, 2.0
What, has, 2.0
has, happened, 2.0
It, stood, 2.0
stood, just, 2.0
just, outside, 2.0
outside, the, 2.0
blackness, of, 2.0
I, advanced, 2.0
advanced, so, 2.0
so, close, 2.0
close, upon, 2.0
I, wondered, 2.0
wondered, at, 2.0
at, its, 2.0
its, keeping, 2.0
keeping, the, 2.0
the, sleeve, 2.0
across, its, 2.0
its, eyes, 2.0
ran, right, 2.0
right, up, 2.0
had, my, 2.0
hand, stretched, 2.0
stretched, out, 2.0
out, to, 2.0
to, pull, 2.0
pull, the, 2.0
sleeve, away, 2.0
away, when, 2.0
Into, the, 2.0
ran, on, 2.0
on, into, 2.0
tunnel, five, 2.0
five, hundred, 2.0
stopped, and, 2.0
held, my, 2.0
lamp, above, 2.0
above, my, 2.0
my, head, 2.0
figures, of, 2.0
measured, distance, 2.0
distance, and, 2.0
wet, stains, 2.0
stains, stealing, 2.0
stealing, down, 2.0
walls, and, 2.0
and, trickling, 2.0
trickling, through, 2.0
ran, out, 2.0
out, again, 2.0
again, faster, 2.0
faster, than, 2.0
run, in, 2.0
in, for, 2.0
mortal, abhorrence, 2.0
abhorrence, of, 2.0
place, upon, 2.0
all, round, 2.0
own, red, 2.0
went, up, 2.0
iron, ladder, 2.0
ladder, to, 2.0
gallery, atop, 2.0
atop, of, 2.0
ran, back, 2.0
back, here, 2.0
I, telegraphed, 2.0
telegraphed, both, 2.0
ways, An, 2.0
An, alarm, 2.0
alarm, has, 2.0
been, given, 2.0
Is, anything, 2.0
anything, wrong, 2.0
The, answer, 2.0
answer, came, 2.0
back, both, 2.0
ways, All, 2.0
All, well, 2.0
Resisting, the, 2.0
slow, touch, 2.0
touch, of, 2.0
frozen, finger, 2.0
finger, tracing, 2.0
tracing, out, 2.0
out, my, 2.0
my, spine, 2.0
spine, I, 2.0
I, showed, 2.0
showed, him, 2.0
him, how, 2.0
this, figure, 2.0
figure, must, 2.0
be, a, 2.0
deception, of, 2.0
his, sense, 2.0
sense, of, 2.0
of, sight, 2.0
and, how, 2.0
that, figures, 2.0
figures, originating, 2.0
originating, in, 2.0
in, disease, 2.0
disease, of, 2.0
delicate, nerves, 2.0
nerves, that, 2.0
that, minister, 2.0
minister, to, 2.0
functions, of, 2.0
the, eye, 2.0
eye, were, 2.0
were, known, 2.0
known, to, 2.0
have, often, 2.0
often, troubled, 2.0
troubled, patients, 2.0
patients, some, 2.0
some, of, 2.0
of, whom, 2.0
whom, had, 2.0
had, become, 2.0
become, conscious, 2.0
conscious, of, 2.0
of, their, 2.0
their, affliction, 2.0
affliction, and, 2.0
had, even, 2.0
even, proved, 2.0
proved, it, 2.0
by, experiments, 2.0
experiments, upon, 2.0
upon, themselves, 2.0
As, to, 2.0
to, an, 2.0
an, imaginary, 2.0
imaginary, cry, 2.0
cry, said, 2.0
do, but, 2.0
but, listen, 2.0
listen, for, 2.0
moment, to, 2.0
the, wind, 2.0
wind, in, 2.0
this, unnatural, 2.0
unnatural, valley, 2.0
valley, while, 2.0
while, we, 2.0
we, speak, 2.0
speak, so, 2.0
so, low, 2.0
low, and, 2.0
wild, harp, 2.0
harp, it, 2.0
it, makes, 2.0
makes, of, 2.0
telegraph, wires, 2.0
That, was, 2.0
all, very, 2.0
very, well, 2.0
well, he, 2.0
returned, after, 2.0
after, we, 2.0
we, had, 2.0
had, sat, 2.0
sat, listening, 2.0
while, and, 2.0
he, ought, 2.0
ought, to, 2.0
know, something, 2.0
something, of, 2.0
the, wires, 2.0
wires, he, 2.0
he, who, 2.0
who, so, 2.0
so, often, 2.0
often, passed, 2.0
passed, long, 2.0
long, winter, 2.0
winter, nights, 2.0
nights, there, 2.0
there, alone, 2.0
alone, and, 2.0
and, watching, 2.0
But, he, 2.0
would, beg, 2.0
beg, to, 2.0
asked, his, 2.0
pardon, and, 2.0
he, slowly, 2.0
slowly, added, 2.0
added, these, 2.0
these, words, 2.0
words, touching, 2.0
touching, my, 2.0
arm, Within, 2.0
Within, six, 2.0
six, hours, 2.0
hours, after, 2.0
after, the, 2.0
Appearance, the, 2.0
memorable, accident, 2.0
accident, on, 2.0
this, Line, 2.0
Line, happened, 2.0
happened, and, 2.0
and, within, 2.0
within, ten, 2.0
ten, hours, 2.0
hours, the, 2.0
the, dead, 2.0
dead, and, 2.0
and, wounded, 2.0
wounded, were, 2.0
were, brought, 2.0
brought, along, 2.0
along, through, 2.0
tunnel, over, 2.0
spot, where, 2.0
where, the, 2.0
figure, had, 2.0
had, stood, 2.0
A, disagreeable, 2.0
disagreeable, shudder, 2.0
shudder, crept, 2.0
crept, over, 2.0
over, me, 2.0
did, my, 2.0
my, best, 2.0
best, against, 2.0
against, it, 2.0
be, denied, 2.0
denied, I, 2.0
I, rejoined, 2.0
rejoined, that, 2.0
remarkable, coincidence, 2.0
coincidence, calculated, 2.0
calculated, deeply, 2.0
deeply, to, 2.0
to, impress, 2.0
impress, his, 2.0
But, it, 2.0
was, unquestionable, 2.0
unquestionable, that, 2.0
that, remarkable, 2.0
remarkable, coincidences, 2.0
coincidences, did, 2.0
did, continually, 2.0
continually, occur, 2.0
occur, and, 2.0
and, they, 2.0
they, must, 2.0
be, taken, 2.0
taken, into, 2.0
into, account, 2.0
account, in, 2.0
in, dealing, 2.0
dealing, with, 2.0
with, such, 2.0
Though, to, 2.0
be, sure, 2.0
must, admit, 2.0
admit, I, 2.0
I, added, 2.0
added, for, 2.0
I, thought, 2.0
thought, I, 2.0
was, going, 2.0
to, bring, 2.0
bring, the, 2.0
objection, to, 2.0
bear, upon, 2.0
me, men, 2.0
men, of, 2.0
of, common, 2.0
common, sense, 2.0
sense, did, 2.0
not, allow, 2.0
allow, much, 2.0
much, for, 2.0
for, coincidences, 2.0
coincidences, in, 2.0
ordinary, calculations, 2.0
calculations, of, 2.0
of, life, 2.0
He, again, 2.0
begged, to, 2.0
I, again, 2.0
begged, his, 2.0
pardon, for, 2.0
for, being, 2.0
being, betrayed, 2.0
betrayed, into, 2.0
into, interruptions, 2.0
This, he, 2.0
said, again, 2.0
again, laying, 2.0
laying, his, 2.0
hand, upon, 2.0
upon, my, 2.0
arm, and, 2.0
and, glancing, 2.0
glancing, over, 2.0
his, shoulder, 2.0
shoulder, with, 2.0
with, hollow, 2.0
hollow, eyes, 2.0
eyes, was, 2.0
just, a, 2.0
year, ago, 2.0
Six, or, 2.0
or, seven, 2.0
seven, months, 2.0
months, passed, 2.0
had, recovered, 2.0
recovered, from, 2.0
surprise, and, 2.0
and, shock, 2.0
shock, when, 2.0
when, one, 2.0
one, morning, 2.0
morning, as, 2.0
day, was, 2.0
was, breaking, 2.0
breaking, I, 2.0
I, standing, 2.0
door, looked, 2.0
looked, towards, 2.0
spectre, again, 2.0
He, stopped, 2.0
stopped, with, 2.0
fixed, look, 2.0
it, cry, 2.0
cry, out, 2.0
was, silent, 2.0
it, wave, 2.0
wave, its, 2.0
its, arm, 2.0
It, leaned, 2.0
leaned, against, 2.0
against, the, 2.0
shaft, of, 2.0
with, both, 2.0
both, hands, 2.0
hands, before, 2.0
before, the, 2.0
Like, this, 2.0
Once, more, 2.0
more, I, 2.0
was, an, 2.0
an, action, 2.0
of, mourning, 2.0
have, seen, 2.0
seen, such, 2.0
such, an, 2.0
attitude, in, 2.0
in, stone, 2.0
stone, figures, 2.0
figures, on, 2.0
on, tombs, 2.0
Did, you, 2.0
you, go, 2.0
go, up, 2.0
came, in, 2.0
in, and, 2.0
down, partly, 2.0
partly, to, 2.0
to, collect, 2.0
collect, my, 2.0
thoughts, partly, 2.0
partly, because, 2.0
because, it, 2.0
had, turned, 2.0
turned, me, 2.0
me, faint, 2.0
door, again, 2.0
again, daylight, 2.0
daylight, was, 2.0
was, above, 2.0
above, me, 2.0
ghost, was, 2.0
But, nothing, 2.0
nothing, followed, 2.0
Nothing, came, 2.0
came, of, 2.0
He, touched, 2.0
touched, me, 2.0
me, on, 2.0
arm, with, 2.0
his, forefinger, 2.0
forefinger, twice, 2.0
twice, or, 2.0
or, thrice, 2.0
thrice, giving, 2.0
giving, a, 2.0
ghastly, nod, 2.0
nod, each, 2.0
each, time:-"That, 2.0
time:-"That, very, 2.0
very, day, 2.0
day, as, 2.0
train, came, 2.0
I, noticed, 2.0
noticed, at, 2.0
carriage, window, 2.0
window, on, 2.0
my, side, 2.0
side, what, 2.0
what, looked, 2.0
looked, like, 2.0
like, a, 2.0
confusion, of, 2.0
of, hands, 2.0
hands, and, 2.0
and, heads, 2.0
heads, and, 2.0
and, something, 2.0
something, waved, 2.0
saw, it, 2.0
it, just, 2.0
just, in, 2.0
in, time, 2.0
to, signal, 2.0
signal, the, 2.0
driver, Stop, 2.0
He, shut, 2.0
shut, off, 2.0
off, and, 2.0
and, put, 2.0
put, his, 2.0
his, brake, 2.0
brake, on, 2.0
on, but, 2.0
but, the, 2.0
train, drifted, 2.0
drifted, past, 2.0
past, here, 2.0
here, a, 2.0
hundred, and, 2.0
and, fifty, 2.0
fifty, yards, 2.0
yards, or, 2.0
or, more, 2.0
ran, after, 2.0
after, it, 2.0
and, as, 2.0
went, along, 2.0
along, heard, 2.0
heard, terrible, 2.0
terrible, screams, 2.0
screams, and, 2.0
and, cries, 2.0
A, beautiful, 2.0
beautiful, young, 2.0
young, lady, 2.0
lady, had, 2.0
had, died, 2.0
died, instantaneously, 2.0
instantaneously, in, 2.0
in, one, 2.0
compartments, and, 2.0
was, brought, 2.0
brought, in, 2.0
in, here, 2.0
and, laid, 2.0
laid, down, 2.0
down, on, 2.0
this, floor, 2.0
floor, between, 2.0
Involuntarily, I, 2.0
I, pushed, 2.0
pushed, my, 2.0
my, chair, 2.0
chair, back, 2.0
boards, at, 2.0
at, which, 2.0
he, pointed, 2.0
to, himself, 2.0
True, sir, 2.0
Precisely, as, 2.0
happened, so, 2.0
so, I, 2.0
I, tell, 2.0
tell, it, 2.0
it, you, 2.0
could, think, 2.0
think, of, 2.0
of, nothing, 2.0
nothing, to, 2.0
say, to, 2.0
to, any, 2.0
any, purpose, 2.0
purpose, and, 2.0
my, mouth, 2.0
mouth, was, 2.0
was, very, 2.0
very, dry, 2.0
The, wind, 2.0
wires, took, 2.0
story, with, 2.0
long, lamenting, 2.0
lamenting, wail, 2.0
He, resumed, 2.0
Now, sir, 2.0
sir, mark, 2.0
mark, this, 2.0
this, and, 2.0
and, judge, 2.0
judge, how, 2.0
how, my, 2.0
mind, is, 2.0
The, spectre, 2.0
spectre, came, 2.0
back, a, 2.0
week, ago, 2.0
Ever, since, 2.0
since, it, 2.0
it, has, 2.0
been, there, 2.0
there, now, 2.0
and, again, 2.0
again, by, 2.0
by, fits, 2.0
fits, and, 2.0
and, starts, 2.0
does, it, 2.0
it, seem, 2.0
repeated, if, 2.0
if, possible, 2.0
possible, with, 2.0
with, increased, 2.0
increased, passion, 2.0
vehemence, that, 2.0
that, former, 2.0
former, gesticulation, 2.0
gesticulation, of, 2.0
of, For, 2.0
Then, he, 2.0
have, no, 2.0
no, peace, 2.0
peace, or, 2.0
or, rest, 2.0
rest, for, 2.0
It, calls, 2.0
calls, to, 2.0
for, many, 2.0
many, minutes, 2.0
minutes, together, 2.0
together, in, 2.0
an, agonised, 2.0
agonised, manner, 2.0
manner, Below, 2.0
It, stands, 2.0
stands, waving, 2.0
waving, to, 2.0
It, rings, 2.0
rings, my, 2.0
my, little, 2.0
little, bell--"I, 2.0
bell--"I, caught, 2.0
caught, at, 2.0
at, that, 2.0
it, ring, 2.0
ring, your, 2.0
your, bell, 2.0
bell, yesterday, 2.0
evening, when, 2.0
was, here, 2.0
and, you, 2.0
you, went, 2.0
Why, see, 2.0
see, said, 2.0
I, how, 2.0
how, your, 2.0
your, imagination, 2.0
imagination, misleads, 2.0
misleads, you, 2.0
My, eyes, 2.0
were, on, 2.0
my, ears, 2.0
ears, were, 2.0
were, open, 2.0
open, to, 2.0
and, if, 2.0
am, a, 2.0
living, man, 2.0
man, it, 2.0
ring, at, 2.0
at, those, 2.0
those, times, 2.0
No, nor, 2.0
nor, at, 2.0
at, any, 2.0
other, time, 2.0
time, except, 2.0
except, when, 2.0
was, rung, 2.0
rung, in, 2.0
natural, course, 2.0
course, of, 2.0
of, physical, 2.0
physical, things, 2.0
things, by, 2.0
station, communicating, 2.0
communicating, with, 2.0
with, you, 2.0
He, shook, 2.0
shook, his, 2.0
never, made, 2.0
made, a, 2.0
mistake, as, 2.0
that, yet, 2.0
yet, sir, 2.0
never, confused, 2.0
confused, the, 2.0
spectre's, ring, 2.0
ring, with, 2.0
The, ghost's, 2.0
ghost's, ring, 2.0
ring, is, 2.0
is, a, 2.0
strange, vibration, 2.0
bell, that, 2.0
it, derives, 2.0
derives, from, 2.0
from, nothing, 2.0
nothing, else, 2.0
else, and, 2.0
not, asserted, 2.0
asserted, that, 2.0
bell, stirs, 2.0
stirs, to, 2.0
don't, wonder, 2.0
wonder, that, 2.0
you, failed, 2.0
failed, to, 2.0
to, hear, 2.0
hear, it, 2.0
And, did, 2.0
did, the, 2.0
spectre, seem, 2.0
be, there, 2.0
there, when, 2.0
you, looked, 2.0
It, WAS, 2.0
WAS, there, 2.0
repeated, firmly, 2.0
firmly, Both, 2.0
Will, you, 2.0
come, to, 2.0
and, look, 2.0
look, for, 2.0
it, now, 2.0
He, bit, 2.0
bit, his, 2.0
his, under, 2.0
under, lip, 2.0
lip, as, 2.0
were, somewhat, 2.0
somewhat, unwilling, 2.0
unwilling, but, 2.0
but, arose, 2.0
I, opened, 2.0
and, stood, 2.0
step, while, 2.0
he, stood, 2.0
stood, in, 2.0
dismal, mouth, 2.0
high, wet, 2.0
wet, stone, 2.0
walls, of, 2.0
stars, above, 2.0
above, them, 2.0
Do, you, 2.0
you, see, 2.0
see, it, 2.0
asked, him, 2.0
him, taking, 2.0
taking, particular, 2.0
particular, note, 2.0
note, of, 2.0
His, eyes, 2.0
were, prominent, 2.0
prominent, and, 2.0
and, strained, 2.0
strained, but, 2.0
but, not, 2.0
not, very, 2.0
very, much, 2.0
much, more, 2.0
more, so, 2.0
so, perhaps, 2.0
perhaps, than, 2.0
than, my, 2.0
own, had, 2.0
had, directed, 2.0
directed, them, 2.0
them, earnestly, 2.0
earnestly, towards, 2.0
same, spot, 2.0
No, he, 2.0
he, answered, 2.0
is, not, 2.0
not, there, 2.0
Agreed, said, 2.0
We, went, 2.0
went, in, 2.0
again, shut, 2.0
shut, the, 2.0
and, resumed, 2.0
resumed, our, 2.0
our, seats, 2.0
was, thinking, 2.0
thinking, how, 2.0
how, best, 2.0
best, to, 2.0
to, improve, 2.0
improve, this, 2.0
this, advantage, 2.0
advantage, if, 2.0
if, it, 2.0
it, might, 2.0
might, be, 2.0
called, one, 2.0
one, when, 2.0
he, took, 2.0
conversation, in, 2.0
matter-of-course, way, 2.0
way, so, 2.0
so, assuming, 2.0
assuming, that, 2.0
there, could, 2.0
be, no, 2.0
no, serious, 2.0
serious, question, 2.0
of, fact, 2.0
fact, between, 2.0
us, that, 2.0
I, felt, 2.0
felt, myself, 2.0
myself, placed, 2.0
placed, in, 2.0
weakest, of, 2.0
of, positions, 2.0
By, this, 2.0
this, time, 2.0
time, you, 2.0
you, will, 2.0
will, fully, 2.0
understand, sir, 2.0
said, that, 2.0
that, what, 2.0
me, so, 2.0
so, dreadfully, 2.0
dreadfully, is, 2.0
question, What, 2.0
does, the, 2.0
spectre, mean, 2.0
not, sure, 2.0
I, told, 2.0
told, him, 2.0
did, fully, 2.0
its, warning, 2.0
warning, against, 2.0
said, ruminating, 2.0
ruminating, with, 2.0
eyes, on, 2.0
fire, and, 2.0
and, only, 2.0
only, by, 2.0
by, times, 2.0
times, turning, 2.0
turning, them, 2.0
them, on, 2.0
on, me, 2.0
the, danger, 2.0
Where, is, 2.0
There, is, 2.0
danger, overhanging, 2.0
overhanging, somewhere, 2.0
somewhere, on, 2.0
Some, dreadful, 2.0
dreadful, calamity, 2.0
calamity, will, 2.0
will, happen, 2.0
be, doubted, 2.0
doubted, this, 2.0
this, third, 2.0
third, time, 2.0
time, after, 2.0
after, what, 2.0
what, has, 2.0
has, gone, 2.0
gone, before, 2.0
But, surely, 2.0
surely, this, 2.0
this, is, 2.0
cruel, haunting, 2.0
haunting, of, 2.0
What, can, 2.0
can, I, 2.0
He, pulled, 2.0
pulled, out, 2.0
out, his, 2.0
his, handkerchief, 2.0
handkerchief, and, 2.0
and, wiped, 2.0
wiped, the, 2.0
drops, from, 2.0
his, heated, 2.0
heated, forehead, 2.0
If, I, 2.0
I, telegraph, 2.0
telegraph, Danger, 2.0
Danger, on, 2.0
on, either, 2.0
me, or, 2.0
or, on, 2.0
on, both, 2.0
both, I, 2.0
can, give, 2.0
give, no, 2.0
reason, for, 2.0
it, he, 2.0
on, wiping, 2.0
wiping, the, 2.0
palms, of, 2.0
should, get, 2.0
get, into, 2.0
into, trouble, 2.0
trouble, and, 2.0
and, do, 2.0
do, no, 2.0
no, good, 2.0
would, think, 2.0
was, mad, 2.0
This, is, 2.0
way, it, 2.0
would, work,--Message, 2.0
work,--Message, Danger, 2.0
Take, care, 2.0
Answer, What, 2.0
What, Danger, 2.0
Message, Don't, 2.0
Don't, know, 2.0
But, for, 2.0
for, God's, 2.0
sake, take, 2.0
take, care, 2.0
would, displace, 2.0
displace, me, 2.0
What, else, 2.0
else, could, 2.0
could, they, 2.0
they, do, 2.0
His, pain, 2.0
pain, of, 2.0
mind, was, 2.0
was, most, 2.0
most, pitiable, 2.0
pitiable, to, 2.0
mental, torture, 2.0
torture, of, 2.0
conscientious, man, 2.0
man, oppressed, 2.0
oppressed, beyond, 2.0
beyond, endurance, 2.0
endurance, by, 2.0
an, unintelligible, 2.0
unintelligible, responsibility, 2.0
responsibility, involving, 2.0
involving, life, 2.0
When, it, 2.0
it, first, 2.0
first, stood, 2.0
stood, under, 2.0
under, the, 2.0
Danger-light, he, 2.0
on, putting, 2.0
putting, his, 2.0
his, dark, 2.0
dark, hair, 2.0
hair, back, 2.0
back, from, 2.0
drawing, his, 2.0
hands, outward, 2.0
outward, across, 2.0
across, and, 2.0
and, across, 2.0
his, temples, 2.0
temples, in, 2.0
an, extremity, 2.0
extremity, of, 2.0
of, feverish, 2.0
feverish, distress, 2.0
distress, why, 2.0
me, where, 2.0
where, that, 2.0
that, accident, 2.0
accident, was, 2.0
to, happen,--if, 2.0
happen,--if, it, 2.0
it, must, 2.0
must, happen, 2.0
me, how, 2.0
be, averted,--if, 2.0
averted,--if, it, 2.0
could, have, 2.0
been, averted, 2.0
When, on, 2.0
on, its, 2.0
its, second, 2.0
second, coming, 2.0
coming, it, 2.0
it, hid, 2.0
hid, its, 2.0
its, face, 2.0
face, why, 2.0
me, instead, 2.0
instead, She, 2.0
She, is, 2.0
to, die, 2.0
Let, them, 2.0
them, keep, 2.0
keep, her, 2.0
her, at, 2.0
at, home, 2.0
If, it, 2.0
it, came, 2.0
came, on, 2.0
on, those, 2.0
those, two, 2.0
two, occasions, 2.0
occasions, only, 2.0
to, show, 2.0
show, me, 2.0
me, that, 2.0
that, its, 2.0
its, warnings, 2.0
warnings, were, 2.0
were, true, 2.0
true, and, 2.0
so, to, 2.0
to, prepare, 2.0
prepare, me, 2.0
third, why, 2.0
not, warn, 2.0
warn, me, 2.0
me, plainly, 2.0
plainly, now, 2.0
And, I, 2.0
I, Lord, 2.0
Lord, help, 2.0
help, me, 2.0
A, mere, 2.0
mere, poor, 2.0
poor, signal-man, 2.0
signal-man, on, 2.0
this, solitary, 2.0
solitary, station, 2.0
not, go, 2.0
to, somebody, 2.0
somebody, with, 2.0
with, credit, 2.0
credit, to, 2.0
be, believed, 2.0
believed, and, 2.0
and, power, 2.0
power, to, 2.0
him, in, 2.0
this, state, 2.0
state, I, 2.0
that, for, 2.0
poor, man's, 2.0
man's, sake, 2.0
sake, as, 2.0
as, well, 2.0
well, as, 2.0
as, for, 2.0
public, safety, 2.0
safety, what, 2.0
do, for, 2.0
time, was, 2.0
to, compose, 2.0
compose, his, 2.0
Therefore, setting, 2.0
setting, aside, 2.0
aside, all, 2.0
all, question, 2.0
of, reality, 2.0
reality, or, 2.0
or, unreality, 2.0
unreality, between, 2.0
us, I, 2.0
I, represented, 2.0
represented, to, 2.0
that, whoever, 2.0
whoever, thoroughly, 2.0
thoroughly, discharged, 2.0
discharged, his, 2.0
duty, must, 2.0
must, do, 2.0
do, well, 2.0
well, and, 2.0
that, at, 2.0
at, least, 2.0
least, it, 2.0
was, his, 2.0
his, comfort, 2.0
comfort, that, 2.0
he, understood, 2.0
understood, his, 2.0
duty, though, 2.0
not, understand, 2.0
understand, these, 2.0
these, confounding, 2.0
confounding, Appearances, 2.0
In, this, 2.0
this, effort, 2.0
effort, I, 2.0
I, succeeded, 2.0
succeeded, far, 2.0
far, better, 2.0
better, than, 2.0
than, in, 2.0
attempt, to, 2.0
to, reason, 2.0
reason, him, 2.0
him, out, 2.0
his, conviction, 2.0
He, became, 2.0
became, calm, 2.0
calm, the, 2.0
occupations, incidental, 2.0
incidental, to, 2.0
his, post, 2.0
post, as, 2.0
the, night, 2.0
night, advanced, 2.0
advanced, began, 2.0
began, to, 2.0
make, larger, 2.0
larger, demands, 2.0
demands, on, 2.0
his, attention, 2.0
attention, and, 2.0
I, left, 2.0
left, him, 2.0
at, two, 2.0
two, in, 2.0
had, offered, 2.0
offered, to, 2.0
to, stay, 2.0
stay, through, 2.0
night, but, 2.0
would, not, 2.0
not, hear, 2.0
That, I, 2.0
I, more, 2.0
than, once, 2.0
once, looked, 2.0
looked, back, 2.0
back, at, 2.0
light, as, 2.0
I, ascended, 2.0
ascended, the, 2.0
pathway, that, 2.0
not, like, 2.0
have, slept, 2.0
slept, but, 2.0
but, poorly, 2.0
poorly, if, 2.0
if, my, 2.0
my, bed, 2.0
bed, had, 2.0
been, under, 2.0
under, it, 2.0
it, I, 2.0
Nor, did, 2.0
did, I, 2.0
I, like, 2.0
two, sequences, 2.0
sequences, of, 2.0
accident, and, 2.0
dead, girl, 2.0
conceal, that, 2.0
that, either, 2.0
But, what, 2.0
what, ran, 2.0
ran, most, 2.0
most, in, 2.0
thoughts, was, 2.0
consideration, how, 2.0
how, ought, 2.0
ought, I, 2.0
I, to, 2.0
act, having, 2.0
having, become, 2.0
become, the, 2.0
recipient, of, 2.0
this, disclosure, 2.0
had, proved, 2.0
proved, the, 2.0
man, to, 2.0
be, intelligent, 2.0
intelligent, vigilant, 2.0
vigilant, painstaking, 2.0
painstaking, and, 2.0
and, exact, 2.0
exact, but, 2.0
but, how, 2.0
how, long, 2.0
long, might, 2.0
might, he, 2.0
he, remain, 2.0
remain, so, 2.0
his, state, 2.0
state, of, 2.0
Though, in, 2.0
subordinate, position, 2.0
position, still, 2.0
still, he, 2.0
he, held, 2.0
held, a, 2.0
most, important, 2.0
important, trust, 2.0
trust, and, 2.0
and, would, 2.0
would, I, 2.0
I, for, 2.0
for, instance, 2.0
instance, like, 2.0
like, to, 2.0
to, stake, 2.0
stake, my, 2.0
own, life, 2.0
life, on, 2.0
chances, of, 2.0
his, continuing, 2.0
continuing, to, 2.0
to, execute, 2.0
execute, it, 2.0
with, precision, 2.0
Unable, to, 2.0
to, overcome, 2.0
overcome, a, 2.0
be, something, 2.0
something, treacherous, 2.0
treacherous, in, 2.0
my, communicating, 2.0
communicating, what, 2.0
had, told, 2.0
told, me, 2.0
his, superiors, 2.0
superiors, in, 2.0
Company, without, 2.0
without, first, 2.0
first, being, 2.0
being, plain, 2.0
plain, with, 2.0
with, himself, 2.0
himself, and, 2.0
and, proposing, 2.0
proposing, a, 2.0
middle, course, 2.0
course, to, 2.0
him, I, 2.0
I, ultimately, 2.0
ultimately, resolved, 2.0
resolved, to, 2.0
offer, to, 2.0
to, accompany, 2.0
accompany, him, 2.0
him, otherwise, 2.0
otherwise, keeping, 2.0
keeping, his, 2.0
his, secret, 2.0
secret, for, 2.0
present, to, 2.0
wisest, medical, 2.0
medical, practitioner, 2.0
practitioner, we, 2.0
we, could, 2.0
could, hear, 2.0
of, in, 2.0
in, those, 2.0
those, parts, 2.0
parts, and, 2.0
take, his, 2.0
his, opinion, 2.0
A, change, 2.0
change, in, 2.0
his, time, 2.0
time, of, 2.0
of, duty, 2.0
duty, would, 2.0
would, come, 2.0
come, round, 2.0
round, next, 2.0
night, he, 2.0
had, apprised, 2.0
apprised, me, 2.0
be, off, 2.0
off, an, 2.0
hour, or, 2.0
or, two, 2.0
two, after, 2.0
after, sunrise, 2.0
sunrise, and, 2.0
and, on, 2.0
again, soon, 2.0
soon, after, 2.0
after, sunset, 2.0
had, appointed, 2.0
appointed, to, 2.0
to, return, 2.0
return, accordingly, 2.0
Next, evening, 2.0
evening, was, 2.0
lovely, evening, 2.0
evening, and, 2.0
walked, out, 2.0
out, early, 2.0
early, to, 2.0
to, enjoy, 2.0
enjoy, it, 2.0
The, sun, 2.0
sun, was, 2.0
yet, quite, 2.0
quite, down, 2.0
down, when, 2.0
I, traversed, 2.0
traversed, the, 2.0
field-path, near, 2.0
deep, cutting, 2.0
would, extend, 2.0
extend, my, 2.0
my, walk, 2.0
walk, for, 2.0
hour, I, 2.0
said, to, 2.0
to, myself, 2.0
myself, half, 2.0
hour, on, 2.0
on, and, 2.0
and, half, 2.0
hour, back, 2.0
back, and, 2.0
would, then, 2.0
then, be, 2.0
be, time, 2.0
to, go, 2.0
my, signal-man's, 2.0
signal-man's, box, 2.0
Before, pursuing, 2.0
pursuing, my, 2.0
my, stroll, 2.0
stroll, I, 2.0
stepped, to, 2.0
brink, and, 2.0
and, mechanically, 2.0
mechanically, looked, 2.0
point, from, 2.0
from, which, 2.0
first, seen, 2.0
seen, him, 2.0
I, cannot, 2.0
cannot, describe, 2.0
describe, the, 2.0
thrill, that, 2.0
that, seized, 2.0
seized, upon, 2.0
me, when, 2.0
when, close, 2.0
close, at, 2.0
left, sleeve, 2.0
eyes, passionately, 2.0
passionately, waving, 2.0
waving, his, 2.0
The, nameless, 2.0
nameless, horror, 2.0
horror, that, 2.0
that, oppressed, 2.0
oppressed, me, 2.0
me, passed, 2.0
moment, for, 2.0
for, in, 2.0
moment, I, 2.0
this, appearance, 2.0
man, was, 2.0
man, indeed, 2.0
indeed, and, 2.0
little, group, 2.0
group, of, 2.0
of, other, 2.0
other, men, 2.0
men, standing, 2.0
short, distance, 2.0
distance, to, 2.0
to, whom, 2.0
whom, he, 2.0
be, rehearsing, 2.0
rehearsing, the, 2.0
gesture, he, 2.0
he, made, 2.0
The, Danger-light, 2.0
Danger-light, was, 2.0
yet, lighted, 2.0
Against, its, 2.0
its, shaft, 2.0
shaft, a, 2.0
little, low, 2.0
low, hut, 2.0
hut, entirely, 2.0
entirely, new, 2.0
new, to, 2.0
me, had, 2.0
been, made, 2.0
made, of, 2.0
of, some, 2.0
some, wooden, 2.0
wooden, supports, 2.0
supports, and, 2.0
and, tarpaulin, 2.0
It, looked, 2.0
looked, no, 2.0
no, bigger, 2.0
bigger, than, 2.0
than, a, 2.0
With, an, 2.0
an, irresistible, 2.0
irresistible, sense, 2.0
sense, that, 2.0
that, something, 2.0
something, was, 2.0
was, wrong,--with, 2.0
wrong,--with, a, 2.0
flashing, self-reproachful, 2.0
self-reproachful, fear, 2.0
fear, that, 2.0
that, fatal, 2.0
fatal, mischief, 2.0
mischief, had, 2.0
had, come, 2.0
come, of, 2.0
my, leaving, 2.0
leaving, the, 2.0
man, there, 2.0
there, and, 2.0
and, causing, 2.0
causing, no, 2.0
no, one, 2.0
be, sent, 2.0
sent, to, 2.0
to, overlook, 2.0
overlook, or, 2.0
or, correct, 2.0
correct, what, 2.0
he, did,--I, 2.0
did,--I, descended, 2.0
descended, the, 2.0
notched, path, 2.0
path, with, 2.0
with, all, 2.0
all, the, 2.0
speed, I, 2.0
could, make, 2.0
asked, the, 2.0
Signal-man, killed, 2.0
killed, this, 2.0
this, morning, 2.0
morning, sir, 2.0
man, belonging, 2.0
belonging, to, 2.0
that, box, 2.0
Yes, sir, 2.0
You, will, 2.0
will, recognise, 2.0
recognise, him, 2.0
him, sir, 2.0
sir, if, 2.0
you, knew, 2.0
him, said, 2.0
who, spoke, 2.0
spoke, for, 2.0
others, solemnly, 2.0
solemnly, uncovering, 2.0
uncovering, his, 2.0
own, head, 2.0
raising, an, 2.0
an, end, 2.0
end, of, 2.0
tarpaulin, for, 2.0
for, his, 2.0
face, is, 2.0
quite, composed, 2.0
O, how, 2.0
happen, how, 2.0
asked, turning, 2.0
turning, from, 2.0
from, one, 2.0
to, another, 2.0
another, as, 2.0
hut, closed, 2.0
closed, in, 2.0
was, cut, 2.0
cut, down, 2.0
an, engine, 2.0
engine, sir, 2.0
No, man, 2.0
man, in, 2.0
in, England, 2.0
England, knew, 2.0
knew, his, 2.0
his, work, 2.0
work, better, 2.0
But, somehow, 2.0
somehow, he, 2.0
not, clear, 2.0
clear, of, 2.0
outer, rail, 2.0
just, at, 2.0
at, broad, 2.0
broad, day, 2.0
had, struck, 2.0
struck, the, 2.0
had, the, 2.0
lamp, in, 2.0
As, the, 2.0
engine, came, 2.0
tunnel, his, 2.0
his, back, 2.0
back, was, 2.0
was, towards, 2.0
towards, her, 2.0
and, she, 2.0
she, cut, 2.0
cut, him, 2.0
That, man, 2.0
man, drove, 2.0
drove, her, 2.0
was, showing, 2.0
showing, how, 2.0
Show, the, 2.0
gentleman, Tom, 2.0
The, man, 2.0
who, wore, 2.0
wore, a, 2.0
rough, dark, 2.0
dark, dress, 2.0
dress, stepped, 2.0
his, former, 2.0
former, place, 2.0
place, at, 2.0
Coming, round, 2.0
curve, in, 2.0
tunnel, sir, 2.0
end, like, 2.0
like, as, 2.0
down, a, 2.0
no, time, 2.0
to, check, 2.0
check, speed, 2.0
speed, and, 2.0
I, knew, 2.0
be, very, 2.0
very, careful, 2.0
As, he, 2.0
he, didn't, 2.0
didn't, seem, 2.0
take, heed, 2.0
heed, of, 2.0
whistle, I, 2.0
I, shut, 2.0
shut, it, 2.0
it, off, 2.0
off, when, 2.0
were, running, 2.0
running, down, 2.0
down, upon, 2.0
and, called, 2.0
called, to, 2.0
him, as, 2.0
as, loud, 2.0
loud, as, 2.0
could, call, 2.0
What, did, 2.0
did, you, 2.0
you, say, 2.0
said, Below, 2.0
dreadful, time, 2.0
time, sir, 2.0
never, left, 2.0
left, off, 2.0
off, calling, 2.0
I, put, 2.0
put, this, 2.0
arm, before, 2.0
before, my, 2.0
eyes, not, 2.0
see, and, 2.0
I, waved, 2.0
waved, this, 2.0
arm, to, 2.0
last, but, 2.0
but, it, 2.0
no, use, 2.0
Without, prolonging, 2.0
prolonging, the, 2.0
narrative, to, 2.0
to, dwell, 2.0
dwell, on, 2.0
any, one, 2.0
its, curious, 2.0
curious, circumstances, 2.0
circumstances, more, 2.0
than, on, 2.0
other, I, 2.0
may, in, 2.0
in, closing, 2.0
closing, it, 2.0
it, point, 2.0
point, out, 2.0
coincidence, that, 2.0
warning, of, 2.0
Engine-Driver, included, 2.0
included, not, 2.0
not, only, 2.0
only, the, 2.0
unfortunate, Signal-man, 2.0
Signal-man, had, 2.0
had, repeated, 2.0
repeated, to, 2.0
as, haunting, 2.0
haunting, him, 2.0
but, also, 2.0
also, the, 2.0
I, myself--not, 2.0
myself--not, he--had, 2.0
he--had, attached, 2.0
attached, and, 2.0
that, only, 2.0
only, in, 2.0
own, mind, 2.0
mind, to, 2.0
gesticulation, he, 2.0
had, imitated, 2.0
the, ground, 1.0
the, voice, 1.0
the, steep, 1.0
the, glow, 1.0
a, repetition, 1.0
a, vague, 1.0
the, earth, 1.0
a, violent, 1.0
the, landscape, 1.0
the, flag, 1.0
a, pause, 1.0
a, point, 1.0
a, clammy, 1.0
a, singular, 1.0
the, rails, 1.0
the, level, 1.0
the, railroad, 1.0
a, place, 1.0
a, dripping-wet, 1.0
a, strip, 1.0
the, perspective, 1.0
a, crooked, 1.0
the, shorter, 1.0
the, other, 1.0
a, gloomy, 1.0
the, gloomier, 1.0
a, black, 1.0
a, barbarous, 1.0
a, lonesome, 1.0
a, rarity, 1.0
a, newly-awakened, 1.0
the, terms, 1.0
the, tunnel's, 1.0
a, low, 1.0
the, fixed, 1.0
the, saturnine, 1.0
a, spirit, 1.0
the, monstrous, 1.0
a, smile, 1.0
a, dread, 1.0
the, routine, 1.0
a, language, 1.0
a, boy, 1.0
a, poor, 1.0
the, sunshine, 1.0
the, relief, 1.0
a, fire, 1.0
a, desk, 1.0
a, telegraphic, 1.0
the, remark, 1.0
the, police, 1.0
the, army, 1.0
a, student, 1.0
a, quiet, 1.0
the, word, 1.0
the, discharge, 1.0
a, syllable, 1.0
a, word, 1.0
the, safest, 1.0
the, circumstance, 1.0
a, fallen, 1.0
the, unhealthy, 1.0
the, inexplicable, 1.0
a, contented, 1.0
the, low, 1.0
is, your, 1.0
are, at, 1.0
a, parting, 1.0
the, side, 1.0
the, down, 1.0
a, very, 1.0
the, first, 1.0
the, distant, 1.0
the, bottom, 1.0
a, tone, 1.0
a, whisper, 1.0
is, it, 1.0
is, across, 1.0
the, right, 1.0
is, waved,--violently, 1.0
the, utmost, 1.0
the, blackness, 1.0
the, figures, 1.0
the, measured, 1.0
the, wet, 1.0
the, walls, 1.0
the, arch, 1.0
a, mortal, 1.0
the, iron, 1.0
the, gallery, 1.0
the, slow, 1.0
a, frozen, 1.0
a, deception, 1.0
the, delicate, 1.0
the, functions, 1.0
the, wild, 1.0
the, telegraph, 1.0
a, while, 1.0
the, Appearance, 1.0
the, memorable, 1.0
the, spot, 1.0
a, remarkable, 1.0
a, subject, 1.0
the, objection, 1.0
the, ordinary, 1.0
a, year, 1.0
the, surprise, 1.0
a, fixed, 1.0
the, shaft, 1.0
the, ghost, 1.0
the, arm, 1.0
a, ghastly, 1.0
a, carriage, 1.0
a, confusion, 1.0
a, hundred, 1.0
the, compartments, 1.0
the, boards, 1.0
the, story, 1.0
a, long, 1.0
is, troubled, 1.0
a, week, 1.0
a, living, 1.0
the, station, 1.0
a, mistake, 1.0
the, spectre's, 1.0
the, man's, 1.0
a, strange, 1.0
the, step, 1.0
the, doorway, 1.0
the, dismal, 1.0
the, high, 1.0
the, cutting, 1.0
the, stars, 1.0
the, conversation, 1.0
a, matter-of-course, 1.0
the, weakest, 1.0
the, question, 1.0
is, its, 1.0
is, danger, 1.0
a, cruel, 1.0
the, drops, 1.0
the, palms, 1.0
the, mental, 1.0
a, conscientious, 1.0
is, going, 1.0
the, third, 1.0
the, poor, 1.0
the, public, 1.0
the, time, 1.0
the, attempt, 1.0
the, occupations, 1.0
the, pathway, 1.0
the, two, 1.0
the, accident, 1.0
the, consideration, 1.0
the, recipient, 1.0
a, subordinate, 1.0
the, chances, 1.0
a, feeling, 1.0
the, Company, 1.0
a, middle, 1.0
the, present, 1.0
the, wisest, 1.0
a, lovely, 1.0
the, field-path, 1.0
the, brink, 1.0
the, point, 1.0
the, thrill, 1.0
the, appearance, 1.0
a, short, 1.0
the, gesture, 1.0
a, bed, 1.0
a, flashing, 1.0
the, notched, 1.0
the, speed, 1.0
the, matter, 1.0
the, men, 1.0
the, others, 1.0
the, tarpaulin, 1.0
is, quite, 1.0
the, outer, 1.0
the, lamp, 1.0
the, engine, 1.0
the, gentleman, 1.0
the, curve, 1.0
the, end, 1.0
a, perspective-glass, 1.0
the, whistle, 1.0
a, dreadful, 1.0
the, last, 1.0
the, narrative, 1.0
the, coincidence, 1.0
the, warning, 1.0
the, Engine-Driver, 1.0
the, unfortunate, 1.0
the, gesticulation, 1.0
